"Name", "Stmts", "Miss", "Cover"
"testspeednet/__init__.py", "9", "0", "100%"
"testspeednet/core/__init__.py", "9", "0", "100%"
"testspeednet/core/model/__init__.py", "9", "0", "100%"
"testspeednet/core/model/speed_test_result.py", "18", "0", "100%"
"testspeednet/core/model/speed_test_server.py", "24", "0", "100%"
"testspeednet/core/model/speed_test_stat.py", "20", "0", "100%"
"testspeednet/core/service/__init__.py", "9", "0", "100%"
"testspeednet/core/service/engine.py", "92", "0", "100%"
"testspeednet/core/service/ijson_exporter.py", "15", "0", "100%"
"testspeednet/core/service/inetwork_speed_tester.py", "18", "0", "100%"
"testspeednet/core/service/iserver_repository.py", "20", "0", "100%"
"testspeednet/core/service/iservice.py", "24", "0", "100%"
"testspeednet/core/service/isubprocessor.py", "14", "0", "100%"
"testspeednet/engine.py", "59", "0", "100%"
"testspeednet/infrastructure/__init__.py", "9", "0", "100%"
"testspeednet/infrastructure/cli/__init__.py", "9", "0", "100%"
"testspeednet/infrastructure/cli/engine.py", "39", "0", "100%"
"testspeednet/infrastructure/cli/icli.py", "14", "0", "100%"
"testspeednet/infrastructure/cli/setup/__init__.py", "9", "0", "100%"
"testspeednet/infrastructure/cli/setup/bundle.py", "22", "0", "100%"
"testspeednet/infrastructure/cli/setup/dep_validator.py", "36", "0", "100%"
"testspeednet/infrastructure/cli/setup/dependencies.py", "18", "0", "100%"
"testspeednet/infrastructure/cli/setup/factory.py", "56", "0", "100%"
"testspeednet/infrastructure/cli/setup/keys.py", "26", "0", "100%"
"testspeednet/infrastructure/cli/setup/opt_validator.py", "36", "0", "100%"
"testspeednet/infrastructure/cli/setup/options.py", "15", "0", "100%"
"testspeednet/infrastructure/cli/setup/registry.py", "24", "0", "100%"
"testspeednet/infrastructure/cli/setup/validator.py", "43", "0", "100%"
"testspeednet/infrastructure/command/__init__.py", "9", "0", "100%"
"testspeednet/infrastructure/command/command.py", "16", "0", "100%"
"testspeednet/infrastructure/command/download_command_definition.py", "24", "0", "100%"
"testspeednet/infrastructure/command/download_command_executor.py", "34", "0", "100%"
"testspeednet/infrastructure/command/fetch_command_definition.py", "24", "0", "100%"
"testspeednet/infrastructure/command/fetch_command_executor.py", "31", "0", "100%"
"testspeednet/infrastructure/command/history_command_definition.py", "24", "0", "100%"
"testspeednet/infrastructure/command/history_command_executor.py", "36", "0", "100%"
"testspeednet/infrastructure/command/icommand_definition.py", "14", "0", "100%"
"testspeednet/infrastructure/command/icommand_executor.py", "14", "0", "100%"
"testspeednet/infrastructure/command/speed_command_definition.py", "24", "0", "100%"
"testspeednet/infrastructure/command/speed_command_executor.py", "33", "0", "100%"
"testspeednet/infrastructure/command/upload_command_definition.py", "24", "0", "100%"
"testspeednet/infrastructure/command/upload_command_executor.py", "34", "0", "100%"
"testspeednet/infrastructure/database/__init__.py", "9", "0", "100%"
"testspeednet/infrastructure/database/server_repository.py", "85", "0", "100%"
"testspeednet/infrastructure/json_exporter.py", "55", "0", "100%"
"testspeednet/infrastructure/network_speed_tester.py", "99", "0", "100%"
"testspeednet/infrastructure/subprocessor.py", "48", "0", "100%"
"testspeednet/setup/__init__.py", "9", "0", "100%"
"testspeednet/setup/bundle.py", "23", "0", "100%"
"testspeednet/setup/dep_validator.py", "36", "0", "100%"
"testspeednet/setup/dependencies.py", "19", "0", "100%"
"testspeednet/setup/factory.py", "55", "0", "100%"
"testspeednet/setup/keys.py", "27", "0", "100%"
"testspeednet/setup/opt_validator.py", "34", "0", "100%"
"testspeednet/setup/options.py", "12", "0", "100%"
"testspeednet/setup/registry.py", "32", "0", "100%"
"testspeednet/setup/validator.py", "48", "0", "100%"
"Total", "1628", "0", "100%"
